<?xml version="1.0" encoding="UTF-8"?>
<package id="1" uuid="19fa3de4-b86c-4fdd-93dd-edf2255cf2aa">
  <dateCreated id="2">2019-05-15 01:03:15</dateCreated>
  <name>Telemedicine Consult Encounter Types</name>
  <description>Contains encounter types required for the Telemedicine Consult module.</description>
  <openmrsVersion>2.1.3  Build 33f4e7</openmrsVersion>
  <version>1</version>
  <groupUuid>0aa69653-e9d7-4f6d-9056-eeff2233a699</groupUuid>
  <modules id="3">
    <entry>
      <string>calculation</string>
      <string>1.2</string>
    </entry>
    <entry>
      <string>legacyui</string>
      <string>1.4.0</string>
    </entry>
    <entry>
      <string>referenceapplication</string>
      <string>2.8.0</string>
    </entry>
    <entry>
      <string>metadatadeploy</string>
      <string>1.10.0</string>
    </entry>
    <entry>
      <string>fhir</string>
      <string>1.13.0</string>
    </entry>
    <entry>
      <string>appointmentscheduling</string>
      <string>1.9.0</string>
    </entry>
    <entry>
      <string>atlas</string>
      <string>2.2</string>
    </entry>
    <entry>
      <string>metadatasharing</string>
      <string>1.5.0</string>
    </entry>
    <entry>
      <string>appointmentschedulingui</string>
      <string>1.7.0</string>
    </entry>
    <entry>
      <string>allergyui</string>
      <string>1.8.1</string>
    </entry>
    <entry>
      <string>formentryapp</string>
      <string>1.4.2</string>
    </entry>
    <entry>
      <string>chartsearch</string>
      <string>2.1.0</string>
    </entry>
    <entry>
      <string>providermanagement</string>
      <string>2.10.0</string>
    </entry>
    <entry>
      <string>htmlwidgets</string>
      <string>1.9.0</string>
    </entry>
    <entry>
      <string>dataexchange</string>
      <string>1.3.2</string>
    </entry>
    <entry>
      <string>referencedemodata</string>
      <string>1.4.4</string>
    </entry>
    <entry>
      <string>addresshierarchy</string>
      <string>2.11.0</string>
    </entry>
    <entry>
      <string>reportingrest</string>
      <string>1.10.0</string>
    </entry>
    <entry>
      <string>uiframework</string>
      <string>3.13.0</string>
    </entry>
    <entry>
      <string>reportingui</string>
      <string>1.6.0</string>
    </entry>
    <entry>
      <string>referencemetadata</string>
      <string>2.8.0</string>
    </entry>
    <entry>
      <string>event</string>
      <string>2.6.0</string>
    </entry>
    <entry>
      <string>uicommons</string>
      <string>2.6.0</string>
    </entry>
    <entry>
      <string>reporting</string>
      <string>1.16.0</string>
    </entry>
    <entry>
      <string>emrapi</string>
      <string>1.24.4</string>
    </entry>
    <entry>
      <string>registrationapp</string>
      <string>1.12.0</string>
    </entry>
    <entry>
      <string>idgen</string>
      <string>4.5.0</string>
    </entry>
    <entry>
      <string>htmlformentryui</string>
      <string>1.7.0</string>
    </entry>
    <entry>
      <string>htmlformentry</string>
      <string>3.7.0</string>
    </entry>
    <entry>
      <string>reportingcompatibility</string>
      <string>2.0.5</string>
    </entry>
    <entry>
      <string>uilibrary</string>
      <string>2.0.6</string>
    </entry>
    <entry>
      <string>appframework</string>
      <string>2.11.0</string>
    </entry>
    <entry>
      <string>webservices.rest</string>
      <string>2.23.0.f44f68</string>
    </entry>
    <entry>
      <string>adminui</string>
      <string>1.2.3</string>
    </entry>
    <entry>
      <string>registrationcore</string>
      <string>1.8.0</string>
    </entry>
    <entry>
      <string>owa</string>
      <string>1.9.0</string>
    </entry>
    <entry>
      <string>metadatamapping</string>
      <string>1.3.4</string>
    </entry>
    <entry>
      <string>coreapps</string>
      <string>1.19.0</string>
    </entry>
    <entry>
      <string>appui</string>
      <string>1.8.0</string>
    </entry>
    <entry>
      <string>telemedicineconsult</string>
      <string>1.0.0-SNAPSHOT</string>
    </entry>
    <entry>
      <string>serialization.xstream</string>
      <string>0.2.14</string>
    </entry>
  </modules>
  <items class="linked-hash-set" id="4">
    <org.openmrs.module.metadatasharing.Item id="5" uuid="d389a909-926c-42e9-937f-8eab89c787e3">
      <id>10</id>
      <classname>org.openmrs.EncounterType</classname>
      <dateChanged id="6">2019-05-15 00:58:58</dateChanged>
      <retired>false</retired>
    </org.openmrs.module.metadatasharing.Item>
    <org.openmrs.module.metadatasharing.Item id="7" uuid="c5f36728-019d-4d32-a4bb-e9031de2163e">
      <id>11</id>
      <classname>org.openmrs.EncounterType</classname>
      <dateChanged id="8">2019-05-15 01:00:35</dateChanged>
      <retired>false</retired>
    </org.openmrs.module.metadatasharing.Item>
  </items>
  <relatedItems class="linked-hash-set" id="9"/>
</package>
