<?xml version="1.0" encoding="UTF-8"?>
<list id="1">
  <org.openmrs.EncounterType id="2" uuid="d389a909-926c-42e9-937f-8eab89c787e3">
    <name>Telemedicine Request</name>
    <description>Indicates that a patient has been electronically referred for a telemedicine consult.</description>
    <creator/>
    <dateCreated id="3">2019-05-15 00:56:36</dateCreated>
    <changedBy/>
    <dateChanged id="4">2019-05-15 00:58:58</dateChanged>
    <retired>false</retired>
    <encounterTypeId>10</encounterTypeId>
  </org.openmrs.EncounterType>
  <org.openmrs.EncounterType id="5" uuid="c5f36728-019d-4d32-a4bb-e9031de2163e">
    <name>Telemedicine Consult</name>
    <description>Indicates that a patient has received a telemedicine consult and the telemedicine request is complete.</description>
    <creator/>
    <dateCreated id="6">2019-05-15 00:56:52</dateCreated>
    <changedBy/>
    <dateChanged id="7">2019-05-15 01:00:35</dateChanged>
    <retired>false</retired>
    <encounterTypeId>11</encounterTypeId>
  </org.openmrs.EncounterType>
</list>
